frame,time_s,physical_steps,nonlinear_iterations,linear_iterations,solver_seconds,method
0,0.0,0,0,0,0.0,initial
1,0.03333333333333333,4,30,5595,2.5326352692209184,mixed_or_semi_implicit
2,0.06666666666666667,4,28,5355,2.435457741841674,mixed_or_semi_implicit
3,0.1,4,28,5145,2.3649982446804643,mixed_or_semi_implicit
4,0.13333333333333333,4,28,5830,2.540219971910119,mixed_or_semi_implicit
5,0.16666666666666666,4,28,5095,2.132840207312256,mixed_or_semi_implicit
6,0.2,4,28,6385,2.658056903630495,mixed_or_semi_implicit
7,0.23333333333333334,4,28,6765,2.687720895279199,mixed_or_semi_implicit
8,0.26666666666666666,4,28,6215,2.6239121295511723,mixed_or_semi_implicit
9,0.3,4,28,5655,2.4380044201388955,mixed_or_semi_implicit
10,0.3333333333333333,4,28,6630,2.7365009668283165,mixed_or_semi_implicit
11,0.36666666666666664,4,28,6635,2.7509702192619443,mixed_or_semi_implicit
12,0.4,4,28,7135,2.789591791573912,mixed_or_semi_implicit
13,0.43333333333333335,4,29,6765,2.79807589109987,mixed_or_semi_implicit
14,0.4666666666666667,4,28,7310,2.9171494455076754,mixed_or_semi_implicit
15,0.5,4,28,6335,2.6865495168603957,mixed_or_semi_implicit
16,0.5333333333333333,4,28,5740,2.3309195931069553,mixed_or_semi_implicit
17,0.5666666666666667,4,28,5495,2.4816443105228245,mixed_or_semi_implicit
18,0.6,4,28,6775,2.7935875076800585,mixed_or_semi_implicit
19,0.6333333333333333,4,28,5930,2.4951120307669044,mixed_or_semi_implicit
20,0.6666666666666666,4,28,5430,2.4445540187880397,mixed_or_semi_implicit
21,0.7,4,28,5310,2.4327423768118024,mixed_or_semi_implicit
22,0.7333333333333333,4,28,5375,2.365046597085893,mixed_or_semi_implicit
23,0.7666666666666667,4,28,5060,2.3601640481501818,mixed_or_semi_implicit
24,0.8,4,28,5350,2.4672484039328992,mixed_or_semi_implicit
25,0.8333333333333334,4,28,5080,2.3889134800992906,mixed_or_semi_implicit
26,0.8666666666666667,4,28,5865,2.5488997139036655,mixed_or_semi_implicit
27,0.9,4,28,6000,2.6054109409451485,mixed_or_semi_implicit
28,0.9333333333333333,4,28,6385,2.482741146814078,mixed_or_semi_implicit
29,0.9666666666666667,4,28,6970,2.825092615559697,mixed_or_semi_implicit
30,1.0,4,28,6815,2.8134537213481963,mixed_or_semi_implicit
31,1.0333333333333334,4,28,5865,2.564031441230327,mixed_or_semi_implicit
32,1.0666666666666667,4,28,6230,2.6171133029274642,mixed_or_semi_implicit
33,1.1,4,28,5855,2.5491527672857046,mixed_or_semi_implicit
34,1.1333333333333333,4,28,5510,2.4308024612255394,mixed_or_semi_implicit
35,1.1666666666666667,4,28,6435,2.6842344915494323,mixed_or_semi_implicit
36,1.2,4,28,5850,2.480504512321204,mixed_or_semi_implicit
37,1.2333333333333334,4,28,5510,2.506691751535982,mixed_or_semi_implicit
38,1.2666666666666666,4,28,5055,2.3536924705840647,mixed_or_semi_implicit
39,1.3,4,28,5635,2.326680193655193,mixed_or_semi_implicit
40,1.3333333333333333,4,28,5395,2.431976700667292,mixed_or_semi_implicit
41,1.3666666666666667,4,28,6420,2.6325018852949142,mixed_or_semi_implicit
42,1.4,4,28,6300,2.642564906273037,mixed_or_semi_implicit
43,1.4333333333333333,4,28,6415,2.594779151491821,mixed_or_semi_implicit
44,1.4666666666666666,4,28,6075,2.5745248603634536,mixed_or_semi_implicit
45,1.5,4,28,5845,2.53196142334491,mixed_or_semi_implicit
46,1.5333333333333334,4,28,6010,2.532843670807779,mixed_or_semi_implicit
47,1.5666666666666667,4,28,6515,2.7162045226432383,mixed_or_semi_implicit
48,1.6,4,28,5525,2.4878144189715385,mixed_or_semi_implicit
49,1.6333333333333333,4,28,6115,2.389754280913621,mixed_or_semi_implicit
50,1.6666666666666667,4,28,5530,2.4731639744713902,mixed_or_semi_implicit
51,1.7,4,29,5625,2.5460044029168785,mixed_or_semi_implicit
52,1.7333333333333334,4,28,5180,2.318100083153695,mixed_or_semi_implicit
53,1.7666666666666666,4,29,5660,2.529614727012813,mixed_or_semi_implicit
54,1.8,4,28,5070,2.3485295665450394,mixed_or_semi_implicit
55,1.8333333333333333,4,28,5580,2.44618764705956,mixed_or_semi_implicit
56,1.8666666666666667,4,28,5325,2.427547864615917,mixed_or_semi_implicit
57,1.9,4,28,5210,2.316666765604168,mixed_or_semi_implicit
58,1.9333333333333333,4,28,5250,2.3997888527810574,mixed_or_semi_implicit
59,1.9666666666666666,4,28,6205,2.6531731262803078,mixed_or_semi_implicit
60,2.0,4,28,6825,2.833401388954371,mixed_or_semi_implicit
61,2.033333333333333,4,28,6730,2.493517547380179,mixed_or_semi_implicit
62,2.066666666666667,4,28,5770,2.5394596038386226,mixed_or_semi_implicit
63,2.1,4,28,5915,2.5595061746425927,mixed_or_semi_implicit
64,2.1333333333333333,4,28,5785,2.5030209026299417,mixed_or_semi_implicit
65,2.1666666666666665,4,30,6235,2.705775289796293,mixed_or_semi_implicit
66,2.2,4,28,5665,2.5049509718082845,mixed_or_semi_implicit
67,2.2333333333333334,4,28,5520,2.4220841135829687,mixed_or_semi_implicit
68,2.2666666666666666,4,28,5730,2.518201343715191,mixed_or_semi_implicit
69,2.3,4,28,5710,2.535311392508447,mixed_or_semi_implicit
70,2.3333333333333335,4,28,6155,2.65620647277683,mixed_or_semi_implicit
71,2.3666666666666667,4,28,5445,2.4666763045825064,mixed_or_semi_implicit
72,2.4,4,28,6105,2.62326605245471,mixed_or_semi_implicit
73,2.433333333333333,4,28,6800,2.816925914492458,mixed_or_semi_implicit
74,2.466666666666667,4,28,7425,2.96175406454131,mixed_or_semi_implicit
75,2.5,4,28,7435,2.5753343370743096,mixed_or_semi_implicit
76,2.533333333333333,4,28,6855,2.8209207309409976,mixed_or_semi_implicit
77,2.566666666666667,4,28,5680,2.4367279578000307,mixed_or_semi_implicit
78,2.6,4,28,6665,2.7550498540513217,mixed_or_semi_implicit
79,2.6333333333333333,4,28,5595,2.407018835656345,mixed_or_semi_implicit
80,2.6666666666666665,4,28,5540,2.4736229684203863,mixed_or_semi_implicit
81,2.7,4,28,5640,2.477852846495807,mixed_or_semi_implicit
82,2.7333333333333334,4,28,5610,2.4902067077346146,mixed_or_semi_implicit
83,2.7666666666666666,4,28,5480,2.4529625582508743,mixed_or_semi_implicit
84,2.8,4,29,5320,2.4171178149990737,mixed_or_semi_implicit
85,2.8333333333333335,4,29,5450,2.503220373764634,mixed_or_semi_implicit
86,2.8666666666666667,4,30,4935,2.4118594164028764,mixed_or_semi_implicit
87,2.9,4,30,5180,2.4863904118537903,mixed_or_semi_implicit
88,2.933333333333333,4,29,5635,2.2977572339586914,mixed_or_semi_implicit
89,2.966666666666667,4,30,6170,2.7423069537617266,mixed_or_semi_implicit
90,3.0,4,31,5985,2.7031623972579837,mixed_or_semi_implicit
91,3.033333333333333,4,31,5890,2.6738842595368624,mixed_or_semi_implicit
92,3.066666666666667,4,37,7190,3.231764188501984,mixed_or_semi_implicit
93,3.1,4,34,6750,2.951606826391071,mixed_or_semi_implicit
94,3.1333333333333333,4,32,6855,2.963459408842027,mixed_or_semi_implicit
95,3.1666666666666665,4,34,6375,2.9412645157426596,mixed_or_semi_implicit
96,3.2,4,32,6540,2.9404623256996274,mixed_or_semi_implicit
97,3.2333333333333334,4,32,6675,2.9119710796512663,mixed_or_semi_implicit
98,3.2666666666666666,4,31,6235,2.815662036649883,mixed_or_semi_implicit
99,3.3,4,32,6715,2.91332502476871,mixed_or_semi_implicit
100,3.3333333333333335,4,29,5700,2.5844927239231765,mixed_or_semi_implicit
101,3.3666666666666667,4,29,5940,2.6804236117750406,mixed_or_semi_implicit
102,3.4,4,28,5500,2.5323010883294046,mixed_or_semi_implicit
103,3.433333333333333,4,28,6345,2.617901222780347,mixed_or_semi_implicit
104,3.466666666666667,4,28,5520,2.5146128591150045,mixed_or_semi_implicit
105,3.5,4,29,6360,2.785863376222551,mixed_or_semi_implicit
106,3.533333333333333,4,28,6160,2.628883004654199,mixed_or_semi_implicit
107,3.566666666666667,4,28,5905,2.573765642475337,mixed_or_semi_implicit
108,3.6,4,28,6420,2.7232872685417533,mixed_or_semi_implicit
109,3.6333333333333333,4,30,7770,3.177623610943556,mixed_or_semi_implicit
110,3.6666666666666665,4,28,5540,2.447184106335044,mixed_or_semi_implicit
111,3.7,4,28,5615,2.53844773536548,mixed_or_semi_implicit
112,3.7333333333333334,4,28,4870,2.360647819004953,mixed_or_semi_implicit
113,3.7666666666666666,4,28,5830,2.522870196029544,mixed_or_semi_implicit
114,3.8,4,28,7050,2.884237756486982,mixed_or_semi_implicit
115,3.8333333333333335,4,29,7525,3.094832170754671,mixed_or_semi_implicit
116,3.8666666666666667,4,29,6825,2.7171476180665195,mixed_or_semi_implicit
117,3.9,4,28,7015,2.907424063887447,mixed_or_semi_implicit
118,3.933333333333333,4,28,6685,2.8379658246412873,mixed_or_semi_implicit
119,3.966666666666667,4,28,7435,2.96005576942116,mixed_or_semi_implicit
120,4.0,4,28,7515,2.9935736153274775,mixed_or_semi_implicit
121,4.033333333333333,4,28,6750,2.7969698975794017,mixed_or_semi_implicit
122,4.066666666666666,4,28,6675,2.7344363718293607,mixed_or_semi_implicit
123,4.1,4,28,6590,2.7571649183519185,mixed_or_semi_implicit
124,4.133333333333334,4,28,6575,2.7635018597356975,mixed_or_semi_implicit
125,4.166666666666667,4,29,7320,3.042473069857806,mixed_or_semi_implicit
126,4.2,4,29,7125,2.910516553558409,mixed_or_semi_implicit
127,4.233333333333333,4,28,5810,2.5447336165234447,mixed_or_semi_implicit
128,4.266666666666667,4,28,6265,2.6793835083954036,mixed_or_semi_implicit
129,4.3,4,28,5830,2.54375576088205,mixed_or_semi_implicit
130,4.333333333333333,4,28,5810,2.560682908631861,mixed_or_semi_implicit
131,4.366666666666666,4,29,6175,2.4403201220557094,mixed_or_semi_implicit
132,4.4,4,28,6045,2.6195559492334723,mixed_or_semi_implicit
133,4.433333333333334,4,28,6090,2.583849568851292,mixed_or_semi_implicit
134,4.466666666666667,4,28,5915,2.5560070243664086,mixed_or_semi_implicit
135,4.5,4,28,5815,2.5075168842449784,mixed_or_semi_implicit
136,4.533333333333333,4,29,5800,2.5625926428474486,mixed_or_semi_implicit
137,4.566666666666666,4,28,7030,2.765106590464711,mixed_or_semi_implicit
138,4.6,4,28,6925,2.7876861337572336,mixed_or_semi_implicit
139,4.633333333333334,4,28,6895,2.740424776915461,mixed_or_semi_implicit
140,4.666666666666667,4,28,7045,2.8076218157075346,mixed_or_semi_implicit
141,4.7,4,28,6775,2.7376178596168756,mixed_or_semi_implicit
142,4.733333333333333,4,28,7185,2.7587000653147697,mixed_or_semi_implicit
143,4.766666666666667,4,28,7005,2.848197555169463,mixed_or_semi_implicit
144,4.8,4,28,7360,2.9272924424149096,mixed_or_semi_implicit
145,4.833333333333333,4,30,6770,2.86292423075065,mixed_or_semi_implicit
146,4.866666666666666,4,29,6805,2.8356860014609993,mixed_or_semi_implicit
147,4.9,4,29,6685,2.8060700614005327,mixed_or_semi_implicit
148,4.933333333333334,4,31,6570,2.8575599216856062,mixed_or_semi_implicit
149,4.966666666666667,4,29,6060,2.6627774462103844,mixed_or_semi_implicit
150,5.0,4,31,5715,2.6014388953335583,mixed_or_semi_implicit
151,5.033333333333333,4,30,6230,2.6257668789476156,mixed_or_semi_implicit
152,5.066666666666666,4,29,5935,2.59407433308661,mixed_or_semi_implicit
153,5.1,4,31,5435,2.5708586373366416,mixed_or_semi_implicit
154,5.133333333333334,4,31,5495,2.4168706852942705,mixed_or_semi_implicit
155,5.166666666666667,4,28,5530,2.4783785794861615,mixed_or_semi_implicit
156,5.2,4,28,6030,2.564688665792346,mixed_or_semi_implicit
157,5.233333333333333,4,28,5880,2.5973799722269177,mixed_or_semi_implicit
158,5.266666666666667,4,31,6230,2.80053524998948,mixed_or_semi_implicit
159,5.3,4,30,6040,2.613912503235042,mixed_or_semi_implicit
160,5.333333333333333,4,29,6450,2.798052193596959,mixed_or_semi_implicit
161,5.366666666666666,4,28,6345,2.7264552330598235,mixed_or_semi_implicit
162,5.4,4,28,6660,2.7301384918391705,mixed_or_semi_implicit
163,5.433333333333334,4,28,6255,2.6659658420830965,mixed_or_semi_implicit
164,5.466666666666667,4,28,7360,2.7458367100916803,mixed_or_semi_implicit
165,5.5,4,28,6420,2.6890745530836284,mixed_or_semi_implicit
166,5.533333333333333,4,28,6745,2.778981869574636,mixed_or_semi_implicit
167,5.566666666666666,4,28,6585,2.7002890738658607,mixed_or_semi_implicit
168,5.6,4,28,7075,2.8934256020002067,mixed_or_semi_implicit
169,5.633333333333334,4,28,6230,2.714285405818373,mixed_or_semi_implicit
170,5.666666666666667,4,28,6725,2.6943416255526245,mixed_or_semi_implicit
171,5.7,4,28,6630,2.7254242678172886,mixed_or_semi_implicit
172,5.733333333333333,4,28,5805,2.5300062601454556,mixed_or_semi_implicit
173,5.766666666666667,4,29,6655,2.5688121523708105,mixed_or_semi_implicit
174,5.8,4,28,5900,2.548274699598551,mixed_or_semi_implicit
175,5.833333333333333,4,28,5840,2.477534238714725,mixed_or_semi_implicit
176,5.866666666666666,4,28,5760,2.532472495920956,mixed_or_semi_implicit
177,5.9,4,28,5130,2.3694461029954255,mixed_or_semi_implicit
178,5.933333333333334,4,28,5345,2.4273347156122327,mixed_or_semi_implicit
179,5.966666666666667,4,29,5910,2.5162544907070696,mixed_or_semi_implicit
180,6.0,4,29,6795,2.8098880983889103,mixed_or_semi_implicit
181,6.033333333333333,4,28,5730,2.2410247665829957,mixed_or_semi_implicit
182,6.066666666666666,4,28,6365,2.6899695033207536,mixed_or_semi_implicit
183,6.1,4,28,6535,2.728689433541149,mixed_or_semi_implicit
184,6.133333333333334,4,28,6285,2.576566504314542,mixed_or_semi_implicit
185,6.166666666666667,4,28,6890,2.784755242988467,mixed_or_semi_implicit
186,6.2,4,28,6370,2.6099670492112637,mixed_or_semi_implicit
187,6.233333333333333,4,28,6660,2.685695034917444,mixed_or_semi_implicit
188,6.266666666666667,4,28,7150,2.8605568767525256,mixed_or_semi_implicit
189,6.3,4,28,6140,2.604025238659233,mixed_or_semi_implicit
190,6.333333333333333,4,28,6235,2.409246740397066,mixed_or_semi_implicit
191,6.366666666666666,4,28,6665,2.7544287899509072,mixed_or_semi_implicit
192,6.4,4,28,6410,2.6578284790739417,mixed_or_semi_implicit
193,6.433333333333334,4,28,6215,2.6536199832335114,mixed_or_semi_implicit
194,6.466666666666667,4,28,6870,2.873098226264119,mixed_or_semi_implicit
195,6.5,4,28,6775,2.831109836231917,mixed_or_semi_implicit
196,6.533333333333333,4,28,6635,2.6328468839637935,mixed_or_semi_implicit
197,6.566666666666666,4,28,6365,2.6811873340047896,mixed_or_semi_implicit
198,6.6,4,28,5575,2.4086262700147927,mixed_or_semi_implicit
199,6.633333333333334,4,28,5985,2.5850291778333485,mixed_or_semi_implicit
200,6.666666666666667,4,28,6355,2.727244426496327,mixed_or_semi_implicit
201,6.7,4,28,7320,2.677685116417706,mixed_or_semi_implicit
202,6.733333333333333,4,28,5980,2.501017232425511,mixed_or_semi_implicit
203,6.766666666666667,4,28,6210,2.6183790708892047,mixed_or_semi_implicit
204,6.8,4,28,6330,2.6691661067306995,mixed_or_semi_implicit
205,6.833333333333333,4,28,6880,2.7006254424341023,mixed_or_semi_implicit
206,6.866666666666666,4,28,6620,2.741901094093919,mixed_or_semi_implicit
207,6.9,4,28,7585,2.944849538616836,mixed_or_semi_implicit
208,6.933333333333334,4,28,7510,2.9449407891370356,mixed_or_semi_implicit
209,6.966666666666667,4,28,7675,2.7512550894171,mixed_or_semi_implicit
210,7.0,4,28,7280,2.901601920835674,mixed_or_semi_implicit
211,7.033333333333333,4,28,5985,2.5278712757863104,mixed_or_semi_implicit
212,7.066666666666666,4,28,5435,2.425190192181617,mixed_or_semi_implicit
213,7.1,4,28,5765,2.493032995611429,mixed_or_semi_implicit
214,7.133333333333334,4,28,5310,2.372029916383326,mixed_or_semi_implicit
215,7.166666666666667,4,28,5855,2.524846734944731,mixed_or_semi_implicit
216,7.2,4,28,5430,2.391343485098332,mixed_or_semi_implicit
217,7.233333333333333,4,28,5130,2.3473787107504904,mixed_or_semi_implicit
218,7.266666666666667,4,28,5740,2.2003345657140017,mixed_or_semi_implicit
219,7.3,4,28,5440,2.430322654079646,mixed_or_semi_implicit
220,7.333333333333333,4,28,5055,2.2605966441333294,mixed_or_semi_implicit
221,7.366666666666666,4,28,5795,2.5353445089422166,mixed_or_semi_implicit
222,7.4,4,28,5490,2.4183924817480147,mixed_or_semi_implicit
223,7.433333333333334,4,28,6360,2.66551757697016,mixed_or_semi_implicit
224,7.466666666666667,4,28,5945,2.514182911720127,mixed_or_semi_implicit
225,7.5,4,28,6210,2.6149582099169493,mixed_or_semi_implicit
226,7.533333333333333,4,28,5975,2.557192701846361,mixed_or_semi_implicit
227,7.566666666666666,4,28,6535,2.712883107829839,mixed_or_semi_implicit
228,7.6,4,28,5810,2.3025171468034387,mixed_or_semi_implicit
229,7.633333333333334,4,28,6860,2.7378698657266796,mixed_or_semi_implicit
230,7.666666666666667,4,28,5945,2.5788646191358566,mixed_or_semi_implicit
231,7.7,4,28,5430,2.3765804981812835,mixed_or_semi_implicit
232,7.733333333333333,4,29,5240,2.434291908983141,mixed_or_semi_implicit
233,7.766666666666667,4,28,5155,2.380794830620289,mixed_or_semi_implicit
234,7.8,4,29,5950,2.0590743510983884,mixed_or_semi_implicit
235,7.833333333333333,4,28,5700,1.0780273657292128,mixed_or_semi_implicit
236,7.866666666666666,4,28,5630,1.0793271530419588,mixed_or_semi_implicit
237,7.9,4,28,5420,1.0750006912276149,mixed_or_semi_implicit
238,7.933333333333334,4,28,5785,1.089407883118838,mixed_or_semi_implicit
239,7.966666666666667,4,28,6795,1.2794203166849911,mixed_or_semi_implicit
240,8.0,4,28,6675,2.236800097860396,mixed_or_semi_implicit
241,8.033333333333333,4,28,6605,2.4413844938389957,mixed_or_semi_implicit
242,8.066666666666666,4,28,7535,2.6336129079572856,mixed_or_semi_implicit
243,8.1,4,28,6115,2.3312951009720564,mixed_or_semi_implicit
244,8.133333333333333,4,28,5865,2.184134842827916,mixed_or_semi_implicit
245,8.166666666666666,4,28,6005,2.2966213072650135,mixed_or_semi_implicit
246,8.2,4,28,7005,2.5189484525471926,mixed_or_semi_implicit
247,8.233333333333333,4,28,5770,2.1923208492808044,mixed_or_semi_implicit
248,8.266666666666667,4,28,5615,2.202046270482242,mixed_or_semi_implicit
249,8.3,4,28,5270,1.9536731881089509,mixed_or_semi_implicit
250,8.333333333333334,4,28,5410,2.115638508927077,mixed_or_semi_implicit
251,8.366666666666667,4,28,5900,2.2786078308708966,mixed_or_semi_implicit
252,8.4,4,28,5080,2.0372830908745527,mixed_or_semi_implicit
253,8.433333333333334,4,29,5510,2.2268158486112952,mixed_or_semi_implicit
254,8.466666666666667,4,28,5625,2.157084094826132,mixed_or_semi_implicit
255,8.5,4,30,6635,2.3625803431496024,mixed_or_semi_implicit
256,8.533333333333333,4,28,5895,2.215402659960091,mixed_or_semi_implicit
257,8.566666666666666,4,28,6515,2.3255928345024586,mixed_or_semi_implicit
258,8.6,4,29,7035,2.3540032082237303,mixed_or_semi_implicit
259,8.633333333333333,4,28,7160,2.2966843228787184,mixed_or_semi_implicit
260,8.666666666666666,4,29,6100,2.0574627867899835,mixed_or_semi_implicit
261,8.7,4,28,6540,2.0849995827302337,mixed_or_semi_implicit
262,8.733333333333333,4,28,6370,1.2024627481587231,mixed_or_semi_implicit
263,8.766666666666667,4,28,7615,1.2358871432952583,mixed_or_semi_implicit
264,8.8,4,28,6845,1.1783962664194405,mixed_or_semi_implicit
265,8.833333333333334,4,28,5615,1.0732046170160174,mixed_or_semi_implicit
266,8.866666666666667,4,28,6430,1.1337407138198614,mixed_or_semi_implicit
267,8.9,4,28,6245,1.134925490245223,mixed_or_semi_implicit
268,8.933333333333334,4,28,6555,1.1540013733319938,mixed_or_semi_implicit
269,8.966666666666667,4,28,6520,1.1715946379117668,mixed_or_semi_implicit
270,9.0,4,28,5865,1.1976432371884584,mixed_or_semi_implicit
271,9.033333333333333,4,28,5460,2.1271563041955233,mixed_or_semi_implicit
272,9.066666666666666,4,28,6225,2.049233390484005,mixed_or_semi_implicit
273,9.1,4,28,5445,1.9273318769410253,mixed_or_semi_implicit
274,9.133333333333333,4,28,5885,2.1052636364474893,mixed_or_semi_implicit
275,9.166666666666666,4,28,6695,2.395101540721953,mixed_or_semi_implicit
276,9.2,4,28,7350,2.388608335517347,mixed_or_semi_implicit
277,9.233333333333333,4,28,7480,2.1891156579367816,mixed_or_semi_implicit
278,9.266666666666667,4,28,7275,2.2291107862256467,mixed_or_semi_implicit
279,9.3,4,28,6745,2.19897663872689,mixed_or_semi_implicit
280,9.333333333333334,4,28,6205,2.1071839868091047,mixed_or_semi_implicit
281,9.366666666666667,4,28,6625,2.2337169791571796,mixed_or_semi_implicit
282,9.4,4,28,5320,1.9703062297776341,mixed_or_semi_implicit
283,9.433333333333334,4,28,5775,2.044998160097748,mixed_or_semi_implicit
284,9.466666666666667,4,28,5475,1.9992544348351657,mixed_or_semi_implicit
285,9.5,4,28,5875,2.1075110365636647,mixed_or_semi_implicit
286,9.533333333333333,4,28,5495,2.0545735736377537,mixed_or_semi_implicit
287,9.566666666666666,4,28,5250,1.8962924489751458,mixed_or_semi_implicit
288,9.6,4,31,5865,2.137367385905236,mixed_or_semi_implicit
289,9.633333333333333,4,28,5830,2.0779836317524314,mixed_or_semi_implicit
290,9.666666666666666,4,28,6460,2.2206427240744233,mixed_or_semi_implicit
291,9.7,4,29,6365,2.2260266598314047,mixed_or_semi_implicit
292,9.733333333333333,4,28,6095,2.231847516261041,mixed_or_semi_implicit
293,9.766666666666667,4,28,5950,2.2336742151528597,mixed_or_semi_implicit
294,9.8,4,28,6190,2.067757952492684,mixed_or_semi_implicit
295,9.833333333333334,4,28,6035,1.9953378443606198,mixed_or_semi_implicit
296,9.866666666666667,4,28,6860,2.1235330225899816,mixed_or_semi_implicit
297,9.9,4,28,6755,2.193564740009606,mixed_or_semi_implicit
298,9.933333333333334,4,28,6665,2.206683768425137,mixed_or_semi_implicit
299,9.966666666666667,4,28,6770,2.1992871495895088,mixed_or_semi_implicit
300,10.0,4,28,5480,1.9690467505715787,mixed_or_semi_implicit
301,10.033333333333333,4,28,5715,2.0329084042459726,mixed_or_semi_implicit
302,10.066666666666666,4,28,5880,2.0176807092502713,mixed_or_semi_implicit
303,10.1,4,28,6125,2.0409214752726257,mixed_or_semi_implicit
304,10.133333333333333,4,28,5685,1.9835914657451212,mixed_or_semi_implicit
305,10.166666666666666,4,28,5195,1.9235775237903,mixed_or_semi_implicit
306,10.2,4,28,5245,1.8504471285268664,mixed_or_semi_implicit
307,10.233333333333333,4,28,5575,1.9167886557988822,mixed_or_semi_implicit
308,10.266666666666667,4,28,5665,2.046353778336197,mixed_or_semi_implicit
309,10.3,4,28,6055,2.257774031255394,mixed_or_semi_implicit
310,10.333333333333334,4,28,7125,2.266722565982491,mixed_or_semi_implicit
311,10.366666666666667,4,28,7145,2.6130410814657807,mixed_or_semi_implicit
312,10.4,4,28,6995,2.5239184298552573,mixed_or_semi_implicit
313,10.433333333333334,4,28,6765,2.5432449118234217,mixed_or_semi_implicit
314,10.466666666666667,4,28,6125,2.4140944168902934,mixed_or_semi_implicit
315,10.5,4,28,5930,2.3206586791202426,mixed_or_semi_implicit
316,10.533333333333333,4,28,6865,2.5892570056021214,mixed_or_semi_implicit
317,10.566666666666666,4,28,5360,2.075111270416528,mixed_or_semi_implicit
318,10.6,4,28,5515,2.207589691504836,mixed_or_semi_implicit
319,10.633333333333333,4,28,6070,2.4417391433380544,mixed_or_semi_implicit
320,10.666666666666666,4,28,5495,2.3367343759164214,mixed_or_semi_implicit
321,10.7,4,28,5775,2.3623879398219287,mixed_or_semi_implicit
322,10.733333333333333,4,29,6255,2.3909497228451073,mixed_or_semi_implicit
323,10.766666666666667,4,31,5395,2.4056384381838143,mixed_or_semi_implicit
324,10.8,4,30,5875,2.352724629919976,mixed_or_semi_implicit
325,10.833333333333334,4,28,5320,2.293233156669885,mixed_or_semi_implicit
326,10.866666666666667,4,28,5945,2.376268488354981,mixed_or_semi_implicit
327,10.9,4,29,5715,2.3261805223301053,mixed_or_semi_implicit
328,10.933333333333334,4,28,5375,2.317793118301779,mixed_or_semi_implicit
329,10.966666666666667,4,28,5305,2.305552556179464,mixed_or_semi_implicit
330,11.0,4,28,5490,2.299715743865818,mixed_or_semi_implicit
331,11.033333333333333,4,28,6980,2.6909955837763846,mixed_or_semi_implicit
332,11.066666666666666,4,28,5910,2.2212034608237445,mixed_or_semi_implicit
333,11.1,4,28,5855,2.4764908687211573,mixed_or_semi_implicit
334,11.133333333333333,4,28,6580,2.5678868531249464,mixed_or_semi_implicit
335,11.166666666666666,4,28,5135,2.184408632107079,mixed_or_semi_implicit
336,11.2,4,28,5220,2.278363663703203,mixed_or_semi_implicit
337,11.233333333333333,4,30,4990,2.2702980181202292,mixed_or_semi_implicit
338,11.266666666666667,4,28,5035,2.217947016004473,mixed_or_semi_implicit
339,11.3,4,28,5925,2.378251609392464,mixed_or_semi_implicit
340,11.333333333333334,4,30,4875,2.288105464540422,mixed_or_semi_implicit
341,11.366666666666667,4,29,4905,2.2220449494197965,mixed_or_semi_implicit
342,11.4,4,28,5365,2.2872296031564474,mixed_or_semi_implicit
343,11.433333333333334,4,28,5265,2.2204427821561694,mixed_or_semi_implicit
344,11.466666666666667,4,28,5345,2.3254096088930964,mixed_or_semi_implicit
345,11.5,4,28,5630,2.39935384131968,mixed_or_semi_implicit
346,11.533333333333333,4,28,6830,2.6659836932085454,mixed_or_semi_implicit
347,11.566666666666666,4,28,6410,1.3276410098187625,mixed_or_semi_implicit
348,11.6,4,28,5655,1.1493659666739404,mixed_or_semi_implicit
349,11.633333333333333,4,28,4990,1.0414226483553648,mixed_or_semi_implicit
350,11.666666666666666,4,28,5840,1.1316686915233731,mixed_or_semi_implicit
351,11.7,4,28,5220,1.0698634232394397,mixed_or_semi_implicit
352,11.733333333333333,4,30,5115,1.0865909438580275,mixed_or_semi_implicit
353,11.766666666666667,4,28,5585,1.0856093023903668,mixed_or_semi_implicit
354,11.8,4,29,5150,1.0813009315170348,mixed_or_semi_implicit
355,11.833333333333334,4,30,5980,1.1633602613583207,mixed_or_semi_implicit
356,11.866666666666667,4,28,5135,1.0646781767718494,mixed_or_semi_implicit
357,11.9,4,28,5000,1.1145755159668624,mixed_or_semi_implicit
358,11.933333333333334,4,29,5700,1.1808339417912066,mixed_or_semi_implicit
359,11.966666666666667,4,28,5390,1.1129846796393394,mixed_or_semi_implicit
360,12.0,4,28,5165,1.0450931177474558,mixed_or_semi_implicit
361,12.033333333333333,4,29,5860,1.120154990348965,mixed_or_semi_implicit
362,12.066666666666666,4,28,6405,1.1449638647027314,mixed_or_semi_implicit
363,12.1,4,28,6050,1.1085616489872336,mixed_or_semi_implicit
364,12.133333333333333,4,28,6110,1.1205169055610895,mixed_or_semi_implicit
365,12.166666666666666,4,28,6000,1.1049716332927346,mixed_or_semi_implicit
366,12.2,4,28,5930,1.102551532909274,mixed_or_semi_implicit
367,12.233333333333333,4,28,5765,1.1026447704061866,mixed_or_semi_implicit
368,12.266666666666667,4,28,5330,1.06469587655738,mixed_or_semi_implicit
369,12.3,4,28,5475,1.0761871407739818,mixed_or_semi_implicit
370,12.333333333333334,4,28,5810,1.100653081201017,mixed_or_semi_implicit
371,12.366666666666667,4,28,5390,1.0649522449821234,mixed_or_semi_implicit
372,12.4,4,29,5585,1.0928011005744338,mixed_or_semi_implicit
373,12.433333333333334,4,28,5305,1.0465551647357643,mixed_or_semi_implicit
374,12.466666666666667,4,28,5070,1.0246215844526887,mixed_or_semi_implicit
375,12.5,4,28,5070,1.0160097009502351,mixed_or_semi_implicit
376,12.533333333333333,4,28,4385,0.9640604369342327,mixed_or_semi_implicit
377,12.566666666666666,4,29,4700,1.0084876352921128,mixed_or_semi_implicit
378,12.6,4,28,4985,1.0122226867824793,mixed_or_semi_implicit
379,12.633333333333333,4,28,5170,1.032235429622233,mixed_or_semi_implicit
380,12.666666666666666,4,28,5725,1.0813782117329538,mixed_or_semi_implicit
381,12.7,4,28,5445,1.0492502953857183,mixed_or_semi_implicit
382,12.733333333333333,4,28,5665,1.066201118286699,mixed_or_semi_implicit
383,12.766666666666667,4,28,5295,1.0361482966691256,mixed_or_semi_implicit
384,12.8,4,28,6080,1.1012687114998698,mixed_or_semi_implicit
385,12.833333333333334,4,28,5600,1.0631271647289395,mixed_or_semi_implicit
386,12.866666666666667,4,28,6350,1.1242909845896065,mixed_or_semi_implicit
387,12.9,4,28,5685,1.069228836800903,mixed_or_semi_implicit
388,12.933333333333334,4,28,5575,1.0619787159375846,mixed_or_semi_implicit
389,12.966666666666667,4,28,5250,1.0352323530241847,mixed_or_semi_implicit
390,13.0,4,28,5380,1.0627940739504993,mixed_or_semi_implicit
391,13.033333333333333,4,28,5370,1.0451991413719952,mixed_or_semi_implicit
392,13.066666666666666,4,28,4935,1.004903085064143,mixed_or_semi_implicit
393,13.1,4,28,5030,1.0102377040311694,mixed_or_semi_implicit
394,13.133333333333333,4,28,5485,1.049044521059841,mixed_or_semi_implicit
395,13.166666666666666,4,28,5295,1.0326995984651148,mixed_or_semi_implicit
396,13.2,4,28,5390,1.0395538588054478,mixed_or_semi_implicit
397,13.233333333333333,4,28,5145,1.0220869397744536,mixed_or_semi_implicit
398,13.266666666666667,4,28,5365,1.0423998613841832,mixed_or_semi_implicit
399,13.3,4,28,5155,1.0253333263099194,mixed_or_semi_implicit
400,13.333333333333334,4,28,5275,1.0369118340313435,mixed_or_semi_implicit
401,13.366666666666667,4,28,4865,1.0102445911616087,mixed_or_semi_implicit
402,13.4,4,28,6580,1.1508038640022278,mixed_or_semi_implicit
403,13.433333333333334,4,28,5625,1.0707804067060351,mixed_or_semi_implicit
404,13.466666666666667,4,28,5150,1.0273518632166088,mixed_or_semi_implicit
